{
  "stats": {
    "suites": 1,
    "tests": 3,
    "passes": 2,
    "pending": 0,
    "failures": 1,
    "start": "2023-05-15T12:37:50.706Z",
    "end": "2023-05-15T12:39:26.731Z",
    "duration": 96025,
    "testsRegistered": 3,
    "passPercent": 66.66666666666666,
    "pendingPercent": 0,
    "other": 0,
    "hasOther": false,
    "skipped": 0,
    "hasSkipped": false
  },
  "results": [
    {
      "uuid": "824675e2-a87c-4d57-adb7-c44c96e6de59",
      "title": "",
      "fullFile": "cypress\\e2e\\CypressioSiteTest.cy.js",
      "file": "cypress\\e2e\\CypressioSiteTest.cy.js",
      "beforeHooks": [],
      "afterHooks": [],
      "tests": [],
      "suites": [
        {
          "uuid": "57537362-8e31-4c8b-9d5f-064493fb3a96",
          "title": "Cypressio Site Test",
          "fullFile": "",
          "file": "",
          "beforeHooks": [],
          "afterHooks": [],
          "tests": [
            {
              "title": "test scenario on Cypressio Page",
              "fullTitle": "Cypressio Site Test test scenario on Cypressio Page",
              "timedOut": null,
              "duration": 77767,
              "state": "passed",
              "speed": "slow",
              "pass": true,
              "fail": false,
              "pending": false,
              "context": "{\n  \"title\": \"cypress-mochawesome-reporter-videos\",\n  \"value\": \"cypress\\\\e2e\\\\CypressioSiteTest.cy.js\"\n}",
              "code": "cy.visit(Cypress.env(\"cypressio_URL\"));\nCypressio_PO.validateMenuItems();\nCypressio_PO.hoverOverDocs();\nCypressio_PO.clickOnText(data.clickText_Cypressio_PO);",
              "err": {},
              "uuid": "717e75df-edb5-4735-90c4-d0800067cfd8",
              "parentUUID": "57537362-8e31-4c8b-9d5f-064493fb3a96",
              "isHook": false,
              "skipped": false
            },
            {
              "title": "test scenario on End to End Testing Page",
              "fullTitle": "Cypressio Site Test test scenario on End to End Testing Page",
              "timedOut": null,
              "duration": 6848,
              "state": "failed",
              "speed": null,
              "pass": false,
              "fail": true,
              "pending": false,
              "context": "[\n  {\n    \"title\": \"cypress-mochawesome-reporter-videos\",\n    \"value\": \"cypress\\\\e2e\\\\CypressioSiteTest.cy.js\"\n  },\n  {\n    \"title\": \"cypress-mochawesome-reporter-screenshots\",\n    \"value\": [\n      [\n        {\n          \"title\": \"Failed screenshot\",\n          \"value\": \"\\\\CypressioSiteTest.cy.js\\\\Cypressio Site Test -- test scenario on End to End Testing Page (failed).png\"\n        }\n      ]\n    ]\n  }\n]",
              "code": "cy.visit(Cypress.env(\"endToEndTest_URL\"));\nEndToEnd_PO.validateUrlContains(data.urlContains1_EndToEnd_PO, data.urlContains2_EndToEnd_PO);\nEndToEnd_PO.verifyPageTitle(data.title_EndToEnd_PO);\nEndToEnd_PO.searchFor(data.search_EndToEnd_PO);",
              "err": {
                "message": "TypeError: Cannot read properties of undefined (reading 'toLowerCase')",
                "estack": "TypeError: Cannot read properties of undefined (reading 'toLowerCase')\n    at Context.eval (https://www.cypress.io/__cypress/tests?p=cypress\\support\\e2e.js:1746:48)",
                "diff": null
              },
              "uuid": "be76a822-1322-4699-962b-3e7a010066b0",
              "parentUUID": "57537362-8e31-4c8b-9d5f-064493fb3a96",
              "isHook": false,
              "skipped": false
            },
            {
              "title": "test scenario in Viewport Docs",
              "fullTitle": "Cypressio Site Test test scenario in Viewport Docs",
              "timedOut": null,
              "duration": 1863,
              "state": "passed",
              "speed": "fast",
              "pass": true,
              "fail": false,
              "pending": false,
              "context": "{\n  \"title\": \"cypress-mochawesome-reporter-videos\",\n  \"value\": \"cypress\\\\e2e\\\\CypressioSiteTest.cy.js\"\n}",
              "code": "cy.visit(Cypress.env(\"viewport_URL\"));\nDocsViewport_PO.validateHeader(data.header_DocsViewport_PO);\nDocsViewport_PO.validateText(data.text_DocsViewport_PO);",
              "err": {},
              "uuid": "e8922f87-22f8-4695-9322-1f17e4bd3ebe",
              "parentUUID": "57537362-8e31-4c8b-9d5f-064493fb3a96",
              "isHook": false,
              "skipped": false
            }
          ],
          "suites": [],
          "passes": [
            "717e75df-edb5-4735-90c4-d0800067cfd8",
            "e8922f87-22f8-4695-9322-1f17e4bd3ebe"
          ],
          "failures": [
            "be76a822-1322-4699-962b-3e7a010066b0"
          ],
          "pending": [],
          "skipped": [],
          "duration": 86478,
          "root": false,
          "rootEmpty": false,
          "_timeout": 2000
        }
      ],
      "passes": [],
      "failures": [],
      "pending": [],
      "skipped": [],
      "duration": 0,
      "root": true,
      "rootEmpty": true,
      "_timeout": 2000
    }
  ],
  "meta": {
    "mocha": {
      "version": "7.0.1"
    },
    "mochawesome": {
      "options": {
        "quiet": false,
        "reportFilename": "[name]_[status]_report",
        "saveHtml": false,
        "saveJson": true,
        "consoleReporter": "spec",
        "useInlineDiffs": false,
        "code": true
      },
      "version": "7.1.3"
    },
    "marge": {
      "options": {
        "reportDir": "./cypress/results/",
        "reportFilename": "[name]_[status]_report",
        "overwrite": false,
        "html": false,
        "json": true
      },
      "version": "6.2.0"
    }
  }
}